[
  {
    "value": "Wet Waste",
    "synonyms": [
      "Wet Waste",
      "Organic Waste",
      "Kitchen Waste",
      "Food Waste",
      "Biodegradable",
      "Wet",
      "wet waste",
      "wet-waste",
      "wetwaste",
      "organic refuse",
      "compostable waste",
      "wet garbag"
    ]
  },
  {
    "value": "Dry Waste",
    "synonyms": [
      "Dry Waste",
      "Recyclable Waste",
      "Paper",
      "Plastic",
      "Cardboard",
      "Dry",
      "dry waste",
      "dry-waste",
      "drywaste",
      "recycling",
      "recyclables",
      "dry garbag"
    ]
  },
  {
    "value": "Hazardous Waste",
    "synonyms": [
      "Hazardous Waste",
      "Toxic Waste",
      "Chemical Waste",
      "Dangerous Waste",
      "Hazardous",
      "hazardous waste",
      "hazard waste",
      "toxic trash",
      "hazardus",
      "chemical garbage"
    ]
  },
  {
    "value": "E-Waste",
    "synonyms": [
      "E-Waste",
      "Electronic Waste",
      "Computer Waste",
      "Mobile Waste",
      "Electronics",
      "E Waste",
      "Electronic",
      "electronic scrap",
      "e waste",
      "e-waste",
      "ewaste",
      "electrnics",
      "gadget trash"
    ]
  },
  {
    "value": "Medical Waste",
    "synonyms": [
      "Medical Waste",
      "Hospital Waste",
      "Biomedical Waste",
      "Clinical Waste",
      "Medical",
      "medical trash",
      "bio waste",
      "bio-medical",
      "med waste",
      "medicle waste"
    ]
  },
  {
    "value": "Construction Waste",
    "synonyms": [
      "Construction Waste",
      "Building Waste",
      "Debris",
      "Rubble",
      "Construction",
      "construction debris",
      "construction rubbel",
      "building rubble",
      "demolition waste",
      "const waste"
    ]
  },
  {
    "value": "Garden Waste",
    "synonyms": [
      "Garden Waste",
      "Leaves",
      "Branches",
      "Tree Waste",
      "Green Waste",
      "Garden",
      "yard waste",
      "garden trimmings",
      "gardenwaste",
      "leaf litter",
      "green trash",
      "garden garbag"
    ]
  },
  {
    "value": "Other Waste",
    "synonyms": [
      "Other Waste",
      "Mixed Waste",
      "General Waste",
      "Unknown",
      "Something Else",
      "Other",
      "Misc Waste",
      "Not Collected",
      "Garbage not collected",
      "Unsorted Waste",
      "Other garbag",
      "something else",
      "miscellaneous waste",
      "other type"
    ]
  }
]