[
  {
    "value": "garbage",
    "synonyms": [
      "garbage",
      "trash",
      "rubbish",
      "waste",
      "refuse",
      "litter",
      "garbbage",
      "garbage issue",
      "trash problem",
      "garbage pickup",
      "garbage complain"
    ]
  },
  {
    "value": "water",
    "synonyms": [
      "water",
      "water supply",
      "low pressure",
      "no water",
      "tap issue",
      "water complaint",
      "water prblm",
      "water outage",
      "water flow"
    ]
  },
  {
    "value": "power",
    "synonyms": [
      "power",
      "electricity",
      "current",
      "power outage",
      "blackout",
      "electric issue",
      "power cut",
      "powercut",
      "power failure"
    ]
  },
  {
    "value": "streetlights",
    "synonyms": [
      "streetlights",
      "streetlight",
      "lamp post",
      "pole light",
      "public lighting",
      "street light",
      "street lamp",
      "streetlite",
      "street light issue"
    ]
  },
  {
    "value": "drainage",
    "synonyms": [
      "drainage",
      "sewage",
      "sewer",
      "blockage",
      "waterlogging",
      "stormwater",
      "drain issue",
      "drain clog",
      "drainage problem",
      "drainage blokage"
    ]
  },
  {
    "value": "noise",
    "synonyms": [
      "noise",
      "loud sound",
      "music",
      "noise pollution",
      "disturbance",
      "loudspeaker",
      "noisy",
      "sound complaint",
      "noise nuisence",
      "noise issue"
    ]
  },
  {
    "value": "pothole",
    "synonyms": [
      "pothole",
      "road damage",
      "crack",
      "road hole",
      "pot hole",
      "road pothole",
      "pothol",
      "road dip"
    ]
  }
]