[
  {
    "value": "admin_office",
    "synonyms": [
      "admin office",
      "administration",
      "admin",
      "administration office",
      "main office",
      "administrative center",
      "campus admin",
      "registration office"
    ]
  },
  {
    "value": "cs_lab",
    "synonyms": [
      "computer science lab",
      "computer lab",
      "CS lab",
      "computer room",
      "programming lab",
      "PC lab",
      "computer center",
      "tech lab",
      "computer suite"
    ]
  },
  {
    "value": "library",
    "synonyms": [
      "main library",
      "book place",
      "central library",
      "study center",
      "learning commons",
      "resource center",
      "campus library",
      "library building"
    ]
  },
  {
    "value": "cafeteria",
    "synonyms": [
      "cafe",
      "food court",
      "canteen",
      "dining hall",
      "lunch room",
      "student dining",
      "campus cafe",
      "dining center",
      "eatery"
    ]
  },
  {
    "value": "restroom",
    "synonyms": [
      "bathroom",
      "toilet",
      "washroom",
      "restroom facilities",
      "lavatory",
      "facilities",
      "powder room",
      "comfort room"
    ]
  },
  {
    "value": "gym",
    "synonyms": [
      "student gym",
      "fitness center",
      "sports center",
      "athletic facility",
      "workout room",
      "exercise center",
      "recreation center",
      "fitness room",
      "training facility"
    ]
  }
]