[
  {
    "value": "Construction",
    "synonyms": [
      "Construction",
      "Building Work",
      "Drilling",
      "Hammering",
      "Construction Site",
      "construction noise",
      "building work",
      "constraction",
      "road work",
      "jackhammer",
      "construction",
      "construction work"
    ]
  },
  {
    "value": "Traffic",
    "synonyms": [
      "Traffic",
      "Vehicle Noise",
      "Car Noise",
      "Horn Noise",
      "Road Noise",
      "traffic jam",
      "traffic horns",
      "trafic noise",
      "road honking",
      "vehicular noise",
      "traffic",
      "traffic noise"
    ]
  },
  {
    "value": "Industrial",
    "synonyms": [
      "Industrial",
      "Factory Noise",
      "Machine Noise",
      "Equipment Noise",
      "industrial unit",
      "plant noise",
      "industry",
      "machinery sound",
      "industrial hum",
      "industrial",
      "industry noise"
    ]
  },
  {
    "value": "Festival",
    "synonyms": [
      "Festival",
      "Celebration",
      "Music",
      "DJ",
      "Loudspeaker",
      "Party",
      "festival noise",
      "loud music",
      "DJ night",
      "festivel",
      "procession",
      "festival",
      "festival music"
    ]
  },
  {
    "value": "Generator",
    "synonyms": [
      "Generator",
      "Diesel Generator",
      "Power Generator",
      "Backup Power",
      "genset",
      "generator noise",
      "genrator",
      "power backup",
      "DG set",
      "generator",
      "diesel generator"
    ]
  },
  {
    "value": "Market",
    "synonyms": [
      "Market",
      "Commercial",
      "Shop",
      "Business",
      "Street Vendor",
      "bazaar",
      "bazar",
      "street market",
      "hawker noise",
      "market area",
      "market",
      "market noise"
    ]
  },
  {
    "value": "Neighbors",
    "synonyms": [
      "Neighbors",
      "Residential",
      "House",
      "Apartment",
      "Domestic",
      "neighbour noise",
      "next door",
      "neighbor party",
      "neighbr",
      "flat upstairs",
      "neighbors",
      "neighbours"
    ]
  }
]