[
  {
    "value": "Scheduled",
    "synonyms": [
      "Scheduled",
      "Planned",
      "Maintenance",
      "Announced",
      "Expected",
      "scheduled outage",
      "planned cut",
      "maintanence",
      "notified outage",
      "timed shutdown"
    ]
  },
  {
    "value": "Unscheduled",
    "synonyms": [
      "Unscheduled",
      "Unplanned",
      "Sudden",
      "Unexpected",
      "Emergency Cut",
      "unscheduled cut",
      "power trip",
      "sudden outage",
      "power gone",
      "unplanned outage"
    ]
  },
  {
    "value": "Transformer Failure",
    "synonyms": [
      "Transformer Failure",
      "Transformer Problem",
      "Equipment Failure",
      "transformer trip",
      "xformer failure",
      "transformr",
      "transformer blast",
      "equipment fault"
    ]
  },
  {
    "value": "Grid Failure",
    "synonyms": [
      "Grid Failure",
      "System Failure",
      "Network Problem",
      "Power Grid Issue",
      "grid down",
      "grid fail",
      "grid outage",
      "system blackout",
      "grid faliure"
    ]
  },
  {
    "value": "Line Fault",
    "synonyms": [
      "Line Fault",
      "Wire Problem",
      "Cable Issue",
      "Transmission Problem",
      "line cut",
      "wire fault",
      "cable break",
      "line issue",
      "line falt"
    ]
  },
  {
    "value": "Overload",
    "synonyms": [
      "Overload",
      "High Demand",
      "System Overload",
      "Peak Load",
      "over loaded",
      "load shedding",
      "overload trip",
      "peak demand",
      "over lod"
    ]
  }
]