[
  {
    "value": "LED",
    "synonyms": [
      "LED",
      "LED Light",
      "Energy Saving",
      "White Light",
      "led streetlight",
      "l.e.d.",
      "led lamp",
      "cool white",
      "led light"
    ]
  },
  {
    "value": "Solar",
    "synonyms": [
      "Solar",
      "Solar Light",
      "Solar Powered",
      "Green Energy",
      "solar streetlight",
      "solar panel light",
      "solar powered lamp",
      "soler light",
      "solar lamp"
    ]
  },
  {
    "value": "Traditional",
    "synonyms": [
      "Traditional",
      "Old Light",
      "Bulb",
      "Incandescent",
      "sodium vapor",
      "conventional",
      "old lamp",
      "yellow light",
      "traditional lamp",
      "traditional light"
    ]
  },
  {
    "value": "Non-Functioning",
    "synonyms": [
      "Non-Functioning",
      "Not Working",
      "Broken",
      "Dead",
      "Off",
      "Damaged",
      "streetlight off",
      "no light",
      "not wrking",
      "dead light",
      "switched off",
      "not working",
      "light not working"
    ]
  },
  {
    "value": "Flickering",
    "synonyms": [
      "Flickering",
      "Blinking",
      "Unstable",
      "On-Off",
      "flicker",
      "light blinking",
      "flickring",
      "on and off",
      "unstable light",
      "flickering",
      "flickeering",
      "flicekring",
      "flickerring",
      "flickerng"
    ]
  },
  {
    "value": "Dim",
    "synonyms": [
      "Dim",
      "Low Light",
      "Weak Light",
      "Fading",
      "dim light",
      "faint",
      "low brightness",
      "dimm",
      "weak lighting",
      "very dim",
      "low light"
    ]
  },
  {
    "value": "Damaged",
    "synonyms": [
      "Damaged",
      "Physically Damaged",
      "Broken Pole",
      "Bent Pole",
      "Shattered",
      "damaged streetlight",
      "physically damaged",
      "broken pole",
      "pole damaged",
      "light casing broken",
      "light pole damaged"
    ]
  }
]