[
  {
    "id": "969f7f5f-c5bd-432e-9f5c-9043f10f7e2e",
    "data": [
      {
        "text": "yes",
        "userDefined": false
      }
    ],
    "isTemplate": false,
    "count": 0,
    "lang": "en",
    "updated": 0
  },
  {
    "id": "20d3c586-51e3-4cc2-8544-e62ddc4e6929",
    "data": [
      {
        "text": "sure",
        "userDefined": false
      }
    ],
    "isTemplate": false,
    "count": 0,
    "lang": "en",
    "updated": 0
  },
  {
    "id": "bf7b2c9b-418c-4d29-a7f7-93c1bbdde84e",
    "data": [
      {
        "text": "okay",
        "userDefined": false
      }
    ],
    "isTemplate": false,
    "count": 0,
    "lang": "en",
    "updated": 0
  },
  {
    "id": "32a3ddd4-2855-489c-b31c-0d8d4c17f158",
    "data": [
      {
        "text": "yeah",
        "userDefined": false
      }
    ],
    "isTemplate": false,
    "count": 0,
    "lang": "en",
    "updated": 0
  },
  {
    "id": "c8e88cf0-65f2-47fd-91a1-c0eb9ab3d9fa",
    "data": [
      {
        "text": "of course",
        "userDefined": false
      }
    ],
    "isTemplate": false,
    "count": 0,
    "lang": "en",
    "updated": 0
  },
  {
    "id": "623db5f4-f201-4a7f-846b-ef3b8f3ad3ff",
    "data": [
      {
        "text": "happy to",
        "userDefined": false
      }
    ],
    "isTemplate": false,
    "count": 0,
    "lang": "en",
    "updated": 0
  },
  {
    "id": "1d0ecf47-6ad1-4d34-9f86-2b6cb1b79a5d",
    "data": [
      {
        "text": "yes please",
        "userDefined": false
      }
    ],
    "isTemplate": false,
    "count": 0,
    "lang": "en",
    "updated": 0
  },
  {
    "id": "9c61df5e-f9f0-4eb3-90c9-3f042ab7c06d",
    "data": [
      {
        "text": "absolutely",
        "userDefined": false
      }
    ],
    "isTemplate": false,
    "count": 0,
    "lang": "en",
    "updated": 0
  },
  {
    "id": "c89b4c3f-4ed4-4a07-9dd0-a3ff5ea1d4f6",
    "data": [
      {
        "text": "sure thing",
        "userDefined": false
      }
    ],
    "isTemplate": false,
    "count": 0,
    "lang": "en",
    "updated": 0
  }
]