[
  {
    "id": "c53a6d10-6998-4dc2-87a1-87fc6393b1a3",
    "data": [
      {
        "text": "I want to pay my water bill",
        "userDefined": false
      }
    ],
    "isTemplate": false,
    "count": 0,
    "lang": "en",
    "updated": 0
  },
  {
    "id": "8dc7103f-d6fd-4321-9939-70ecfd2ab0a1",
    "data": [
      {
        "text": "Electricity bill payment",
        "userDefined": false
      }
    ],
    "isTemplate": false,
    "count": 0,
    "lang": "en",
    "updated": 0
  },
  {
    "id": "1488e11f-e174-4cc0-b312-481615ce69f7",
    "data": [
      {
        "text": "How to pay utility bills",
        "userDefined": false
      }
    ],
    "isTemplate": false,
    "count": 0,
    "lang": "en",
    "updated": 0
  },
  {
    "id": "4c04413f-d134-472d-a9a5-975ee8487224",
    "data": [
      {
        "text": "Property tax payment",
        "userDefined": false
      }
    ],
    "isTemplate": false,
    "count": 0,
    "lang": "en",
    "updated": 0
  },
  {
    "id": "2150ad94-3368-4f77-8d7a-71418b23d88d",
    "data": [
      {
        "text": "Municipal bill",
        "userDefined": false
      }
    ],
    "isTemplate": false,
    "count": 0,
    "lang": "en",
    "updated": 0
  },
  {
    "id": "93285a82-2cf0-4f10-9d65-463d2d02de7d",
    "data": [
      {
        "text": "Online payment",
        "userDefined": false
      }
    ],
    "isTemplate": false,
    "count": 0,
    "lang": "en",
    "updated": 0
  },
  {
    "id": "83d5ebe7-1c77-474d-8e66-0f933197b823",
    "data": [
      {
        "text": "Bill due date",
        "userDefined": false
      }
    ],
    "isTemplate": false,
    "count": 0,
    "lang": "en",
    "updated": 0
  },
  {
    "id": "4115ed59-1e58-4c71-9c60-8aa0f606b194",
    "data": [
      {
        "text": "Payment pending",
        "userDefined": false
      }
    ],
    "isTemplate": false,
    "count": 0,
    "lang": "en",
    "updated": 0
  },
  {
    "id": "5f6d9d15-d7b4-4827-9823-7fb99558c521",
    "data": [
      {
        "text": "Bill amount",
        "userDefined": false
      }
    ],
    "isTemplate": false,
    "count": 0,
    "lang": "en",
    "updated": 0
  },
  {
    "id": "75ce5119-1a93-4780-b477-b9ded94d8f0f",
    "data": [
      {
        "text": "Payment methods",
        "userDefined": false
      }
    ],
    "isTemplate": false,
    "count": 0,
    "lang": "en",
    "updated": 0
  }
]