[
  {
    "id": "f0b6330e-63cb-4e13-9aa3-9c207a3bc3a1",
    "data": [
      {
        "text": "My complaint number is ",
        "userDefined": false
      },
      {
        "text": "CIV12345",
        "meta": "@sys.any",
        "alias": "status_reference",
        "userDefined": false
      }
    ],
    "isTemplate": false,
    "count": 0,
    "lang": "en",
    "updated": 0
  },
  {
    "id": "0d5b3708-9dce-4b57-9e70-850d803db89f",
    "data": [
      {
        "text": "It is ",
        "userDefined": false
      },
      {
        "text": "#1234",
        "meta": "@sys.any",
        "alias": "status_reference",
        "userDefined": false
      }
    ],
    "isTemplate": false,
    "count": 0,
    "lang": "en",
    "updated": 0
  },
  {
    "id": "0afce862-c8f5-4747-878f-b65ea356553c",
    "data": [
      {
        "text": "The registered mobile number is ",
        "userDefined": false
      },
      {
        "text": "9876543210",
        "meta": "@sys.any",
        "alias": "status_reference",
        "userDefined": false
      }
    ],
    "isTemplate": false,
    "count": 0,
    "lang": "en",
    "updated": 0
  },
  {
    "id": "6230a9a6-3f3e-4c06-a7a7-52285977828c",
    "data": [
      {
        "text": "Here you go: ",
        "userDefined": false
      },
      {
        "text": "complaint 7890",
        "meta": "@sys.any",
        "alias": "status_reference",
        "userDefined": false
      }
    ],
    "isTemplate": false,
    "count": 0,
    "lang": "en",
    "updated": 0
  },
  {
    "id": "b5c3fb0a-53e9-4fd2-b8fb-6fef86eb5fa8",
    "data": [
      {
        "text": "1234567890",
        "meta": "@sys.any",
        "alias": "status_reference",
        "userDefined": false
      }
    ],
    "isTemplate": false,
    "count": 0,
    "lang": "en",
    "updated": 0
  },
  {
    "id": "a13a4c1a-7a76-4c76-bc3d-4157c7a8358f",
    "data": [
      {
        "text": "#1234",
        "meta": "@sys.any",
        "alias": "status_reference",
        "userDefined": false
      }
    ],
    "isTemplate": false,
    "count": 0,
    "lang": "en",
    "updated": 0
  },
  {
    "id": "7edbc7bf-fbd6-4c7d-8b74-8427f03de959",
    "data": [
      {
        "text": "CIV-9087",
        "meta": "@sys.any",
        "alias": "status_reference",
        "userDefined": false
      }
    ],
    "isTemplate": false,
    "count": 0,
    "lang": "en",
    "updated": 0
  }
]