[
  {
    "id": "65cf23e7-6c5a-4b1a-84cc-296823b3d3d2",
    "data": [
      {
        "text": "This is urgent",
        "userDefined": false
      }
    ],
    "isTemplate": false,
    "count": 0,
    "lang": "en",
    "updated": 0
  },
  {
    "id": "853f15fb-6f59-4d35-9c8e-ecf5fb05c2ad",
    "data": [
      {
        "text": "Emergency situation",
        "userDefined": false
      }
    ],
    "isTemplate": false,
    "count": 0,
    "lang": "en",
    "updated": 0
  },
  {
    "id": "5010c1a4-2621-42dd-9ac2-9510b52e42fb",
    "data": [
      {
        "text": "Need immediate help",
        "userDefined": false
      }
    ],
    "isTemplate": false,
    "count": 0,
    "lang": "en",
    "updated": 0
  },
  {
    "id": "6ad24f9a-aca1-4c2b-9b8a-07a25a6510ae",
    "data": [
      {
        "text": "Very serious issue",
        "userDefined": false
      }
    ],
    "isTemplate": false,
    "count": 0,
    "lang": "en",
    "updated": 0
  },
  {
    "id": "7af15d78-355b-4271-9b8d-51fdf39d4bdd",
    "data": [
      {
        "text": "Critical problem",
        "userDefined": false
      }
    ],
    "isTemplate": false,
    "count": 0,
    "lang": "en",
    "updated": 0
  },
  {
    "id": "32851454-978a-4d33-b43e-6de63212c7a0",
    "data": [
      {
        "text": "Dangerous situation",
        "userDefined": false
      }
    ],
    "isTemplate": false,
    "count": 0,
    "lang": "en",
    "updated": 0
  },
  {
    "id": "9b7406c3-18e6-45b5-8a30-364ae0e1e5f7",
    "data": [
      {
        "text": "Someone might get hurt",
        "userDefined": false
      }
    ],
    "isTemplate": false,
    "count": 0,
    "lang": "en",
    "updated": 0
  },
  {
    "id": "df5a6334-60a5-44cb-bf06-fd14d671c514",
    "data": [
      {
        "text": "Public safety risk",
        "userDefined": false
      }
    ],
    "isTemplate": false,
    "count": 0,
    "lang": "en",
    "updated": 0
  },
  {
    "id": "f5ea5a9a-8f1f-4af0-9f6c-9996cfab33aa",
    "data": [
      {
        "text": "Immediate attention needed",
        "userDefined": false
      }
    ],
    "isTemplate": false,
    "count": 0,
    "lang": "en",
    "updated": 0
  },
  {
    "id": "a530c77a-2e06-4a72-b400-f636cbfc890e",
    "data": [
      {
        "text": "Priority issue",
        "userDefined": false
      }
    ],
    "isTemplate": false,
    "count": 0,
    "lang": "en",
    "updated": 0
  }
]