[
  {
    "id": "fb5a5943-2aa7-4b82-949a-7fdb4322901a",
    "data": [
      {
        "text": "5 star rating",
        "userDefined": false
      }
    ],
    "isTemplate": false,
    "count": 0,
    "lang": "en",
    "updated": 0
  },
  {
    "id": "c777de54-71a9-4ab5-8a87-b76bd7087487",
    "data": [
      {
        "text": "Poor service",
        "userDefined": false
      }
    ],
    "isTemplate": false,
    "count": 0,
    "lang": "en",
    "updated": 0
  },
  {
    "id": "d7c4ed2c-eb54-42ed-92dc-45ce9f2fb5ac",
    "data": [
      {
        "text": "Excellent work",
        "userDefined": false
      }
    ],
    "isTemplate": false,
    "count": 0,
    "lang": "en",
    "updated": 0
  },
  {
    "id": "ad2ee65a-4363-4a4f-9b57-61af2f0d0c80",
    "data": [
      {
        "text": "Good job",
        "userDefined": false
      }
    ],
    "isTemplate": false,
    "count": 0,
    "lang": "en",
    "updated": 0
  },
  {
    "id": "22fc4593-69eb-4a5b-ad89-9dc49de84b7d",
    "data": [
      {
        "text": "Bad experience",
        "userDefined": false
      }
    ],
    "isTemplate": false,
    "count": 0,
    "lang": "en",
    "updated": 0
  },
  {
    "id": "f29ef769-0f52-44ff-ba29-e7c9e693b6c0",
    "data": [
      {
        "text": "Satisfied with resolution",
        "userDefined": false
      }
    ],
    "isTemplate": false,
    "count": 0,
    "lang": "en",
    "updated": 0
  },
  {
    "id": "3689c2e5-3771-4988-b4af-4fef4fc1694e",
    "data": [
      {
        "text": "Not happy with service",
        "userDefined": false
      }
    ],
    "isTemplate": false,
    "count": 0,
    "lang": "en",
    "updated": 0
  },
  {
    "id": "d2393d35-ccf5-49ce-b36b-0bdc20a61d6a",
    "data": [
      {
        "text": "Great help",
        "userDefined": false
      }
    ],
    "isTemplate": false,
    "count": 0,
    "lang": "en",
    "updated": 0
  },
  {
    "id": "69ac5e21-32de-41f4-81e9-315914f20538",
    "data": [
      {
        "text": "1",
        "userDefined": false
      }
    ],
    "isTemplate": false,
    "count": 0,
    "lang": "en",
    "updated": 0
  },
  {
    "id": "4b7391f2-94e0-44c1-8417-22b0560af2b8",
    "data": [
      {
        "text": "2",
        "userDefined": false
      }
    ],
    "isTemplate": false,
    "count": 0,
    "lang": "en",
    "updated": 0
  },
  {
    "id": "2646169d-81a1-4f8c-99e6-893aa2e0c92d",
    "data": [
      {
        "text": "3",
        "userDefined": false
      }
    ],
    "isTemplate": false,
    "count": 0,
    "lang": "en",
    "updated": 0
  },
  {
    "id": "03a348ae-427f-4b17-87c0-5cb3fa8f10c6",
    "data": [
      {
        "text": "4",
        "userDefined": false
      }
    ],
    "isTemplate": false,
    "count": 0,
    "lang": "en",
    "updated": 0
  },
  {
    "id": "4a82cf69-25a7-43ce-8b7c-6e7aef5fb16c",
    "data": [
      {
        "text": "5",
        "userDefined": false
      }
    ],
    "isTemplate": false,
    "count": 0,
    "lang": "en",
    "updated": 0
  },
  {
    "id": "898b7890-0a6b-45a9-9a2b-119d0fa14736",
    "data": [
      {
        "text": "4 stars",
        "userDefined": false
      }
    ],
    "isTemplate": false,
    "count": 0,
    "lang": "en",
    "updated": 0
  },
  {
    "id": "d6a0c8f9-0dd1-41ea-85e4-c4ce271d3567",
    "data": [
      {
        "text": "5 stars",
        "userDefined": false
      }
    ],
    "isTemplate": false,
    "count": 0,
    "lang": "en",
    "updated": 0
  }
]