[
  {
    "id": "f3b6ca57-1eb0-4c54-bba9-5d2a0ef86851",
    "data": [
      {
        "text": "I want to give feedback",
        "userDefined": false
      }
    ],
    "isTemplate": false,
    "count": 0,
    "lang": "en",
    "updated": 0
  },
  {
    "id": "5002a5ec-c602-4e37-8bc6-52f4a547f0f9",
    "data": [
      {
        "text": "Rate the service",
        "userDefined": false
      }
    ],
    "isTemplate": false,
    "count": 0,
    "lang": "en",
    "updated": 0
  },
  {
    "id": "8f77052c-6b81-4f31-8baa-0af9d913b7eb",
    "data": [
      {
        "text": "Review the work done",
        "userDefined": false
      }
    ],
    "isTemplate": false,
    "count": 0,
    "lang": "en",
    "updated": 0
  },
  {
    "id": "4ea893ab-586f-48a7-91fb-8f194385f362",
    "data": [
      {
        "text": "I\u0027d like to share feedback",
        "userDefined": false
      }
    ],
    "isTemplate": false,
    "count": 0,
    "lang": "en",
    "updated": 0
  }
]