[
  {
    "id": "ee4fb1c1-86ce-425c-ba9e-7382be8da6b3",
    "data": [
      {
        "text": "Garbage is not collected",
        "userDefined": false
      }
    ],
    "isTemplate": false,
    "count": 0,
    "lang": "en",
    "updated": 0
  },
  {
    "id": "9e4037fd-41df-4bb0-a7f5-21cadac02d5d",
    "data": [
      {
        "text": "Trash bin is overflowing",
        "userDefined": false
      }
    ],
    "isTemplate": false,
    "count": 0,
    "lang": "en",
    "updated": 0
  },
  {
    "id": "c8d0dd28-0a6a-4d31-9a56-ae7c2d6f3dc5",
    "data": [
      {
        "text": "Waste disposal problem",
        "userDefined": false
      }
    ],
    "isTemplate": false,
    "count": 0,
    "lang": "en",
    "updated": 0
  },
  {
    "id": "83f3ae2f-32bd-43bb-9f8b-81ccf0c64144",
    "data": [
      {
        "text": "Garbage truck didn\u0027t come",
        "userDefined": false
      }
    ],
    "isTemplate": false,
    "count": 0,
    "lang": "en",
    "updated": 0
  },
  {
    "id": "9f7a8a8e-4ad5-4e89-99a4-689bd1109865",
    "data": [
      {
        "text": "Wet waste issue",
        "userDefined": false
      }
    ],
    "isTemplate": false,
    "count": 0,
    "lang": "en",
    "updated": 0
  },
  {
    "id": "c73d3bd7-66cc-4ff8-8c48-9ee1776e37ee",
    "data": [
      {
        "text": "Dry waste not picked up",
        "userDefined": false
      }
    ],
    "isTemplate": false,
    "count": 0,
    "lang": "en",
    "updated": 0
  },
  {
    "id": "bb85ebff-2278-4d26-9926-bf2966ae75d0",
    "data": [
      {
        "text": "Hazardous waste disposal",
        "userDefined": false
      }
    ],
    "isTemplate": false,
    "count": 0,
    "lang": "en",
    "updated": 0
  },
  {
    "id": "d3267cf2-04e1-4bcc-8a0c-91f5c0766d37",
    "data": [
      {
        "text": "E-waste collection needed",
        "userDefined": false
      }
    ],
    "isTemplate": false,
    "count": 0,
    "lang": "en",
    "updated": 0
  },
  {
    "id": "d96573c1-8654-4ec2-88df-df13efccdb92",
    "data": [
      {
        "text": "Medical waste problem",
        "userDefined": false
      }
    ],
    "isTemplate": false,
    "count": 0,
    "lang": "en",
    "updated": 0
  },
  {
    "id": "3bfec1a2-4027-4f79-be8b-36af5034f82c",
    "data": [
      {
        "text": "Construction debris",
        "userDefined": false
      }
    ],
    "isTemplate": false,
    "count": 0,
    "lang": "en",
    "updated": 0
  },
  {
    "id": "8df4932d-16c4-4837-9cbf-9d3b7c347483",
    "data": [
      {
        "text": "Garbage issue in ",
        "userDefined": false
      },
      {
        "text": "Sector 12",
        "meta": "@location_global",
        "alias": "location",
        "userDefined": false
      }
    ],
    "isTemplate": false,
    "count": 0,
    "lang": "en",
    "updated": 0
  },
  {
    "id": "5a9daac0-0ef8-4fc1-9bb4-e8a332611375",
    "data": [
      {
        "text": "Wet garbage overflowing in my building",
        "userDefined": false
      }
    ],
    "isTemplate": false,
    "count": 0,
    "lang": "en",
    "updated": 0
  },
  {
    "id": "6a33d38a-3893-4fa7-8997-2a215be46dfb",
    "data": [
      {
        "text": "Garbage issue",
        "userDefined": false
      }
    ],
    "isTemplate": false,
    "count": 0,
    "lang": "en",
    "updated": 0
  },
  {
    "id": "0c95d860-6087-4c00-88af-027580b0e4d0",
    "data": [
      {
        "text": "Report garbage complaint",
        "userDefined": false
      }
    ],
    "isTemplate": false,
    "count": 0,
    "lang": "en",
    "updated": 0
  }
]