[
  {
    "id": "3bcab8b1-5400-4e88-95b0-25f6f8a88bf5",
    "data": [
      {
        "text": "Wet waste",
        "meta": "@garbage_type",
        "alias": "garbage_type",
        "userDefined": false
      }
    ],
    "isTemplate": false,
    "count": 0,
    "lang": "en",
    "updated": 0
  },
  {
    "id": "7fb11bb7-0401-4fdf-b71b-5a6f4d633704",
    "data": [
      {
        "text": "Dry garbage",
        "meta": "@garbage_type",
        "alias": "garbage_type",
        "userDefined": false
      }
    ],
    "isTemplate": false,
    "count": 0,
    "lang": "en",
    "updated": 0
  },
  {
    "id": "b1c89ad0-acc2-450f-b3a0-35f0fc76c6cb",
    "data": [
      {
        "text": "Hazardous waste",
        "meta": "@garbage_type",
        "alias": "garbage_type",
        "userDefined": false
      }
    ],
    "isTemplate": false,
    "count": 0,
    "lang": "en",
    "updated": 0
  },
  {
    "id": "1a66c09b-7ec4-4a9b-8adf-0fe23b05079f",
    "data": [
      {
        "text": "E-waste",
        "meta": "@garbage_type",
        "alias": "garbage_type",
        "userDefined": false
      }
    ],
    "isTemplate": false,
    "count": 0,
    "lang": "en",
    "updated": 0
  },
  {
    "id": "e24c5d20-76ff-4701-a965-09fd7c8a8124",
    "data": [
      {
        "text": "Medical waste",
        "meta": "@garbage_type",
        "alias": "garbage_type",
        "userDefined": false
      }
    ],
    "isTemplate": false,
    "count": 0,
    "lang": "en",
    "updated": 0
  },
  {
    "id": "7a0acbb4-0c7c-4f7b-9055-1f736868dd0b",
    "data": [
      {
        "text": "something else",
        "meta": "@garbage_type",
        "alias": "garbage_type",
        "userDefined": false
      }
    ],
    "isTemplate": false,
    "count": 0,
    "lang": "en",
    "updated": 0
  },
  {
    "id": "0171aa26-f58b-4f44-8eee-f6225bc46752",
    "data": [
      {
        "text": "it\u0027s ",
        "userDefined": false
      },
      {
        "text": "mixed waste",
        "meta": "@garbage_type",
        "alias": "garbage_type",
        "userDefined": false
      }
    ],
    "isTemplate": false,
    "count": 0,
    "lang": "en",
    "updated": 0
  },
  {
    "id": "8a6e8f37-c0c1-4ca3-97b6-128bd9b122f4",
    "data": [
      {
        "text": "garbage not collected",
        "meta": "@garbage_type",
        "alias": "garbage_type",
        "userDefined": false
      }
    ],
    "isTemplate": false,
    "count": 0,
    "lang": "en",
    "updated": 0
  }
]