[
  {
    "id": "3af3d1c0-2d14-4dc7-9f11-3d2af2a22219",
    "data": [
      {
        "text": "not collected",
        "userDefined": false
      }
    ],
    "isTemplate": false,
    "count": 0,
    "lang": "en",
    "updated": 0
  },
  {
    "id": "75e6b5a4-7fa3-4993-b49d-8f3215595622",
    "data": [
      {
        "text": "garbage still not collected",
        "userDefined": false
      }
    ],
    "isTemplate": false,
    "count": 0,
    "lang": "en",
    "updated": 0
  },
  {
    "id": "0de2ca59-0173-4528-9fc4-9e83f93fc201",
    "data": [
      {
        "text": "issue not resolved",
        "userDefined": false
      }
    ],
    "isTemplate": false,
    "count": 0,
    "lang": "en",
    "updated": 0
  },
  {
    "id": "16b3450d-2eaf-49c9-b221-5d8fa4633ff9",
    "data": [
      {
        "text": "still the same problem",
        "userDefined": false
      }
    ],
    "isTemplate": false,
    "count": 0,
    "lang": "en",
    "updated": 0
  }
]