[
  {
    "id": "7c8c5944-620f-4aa1-924d-cdd232a8f5ee",
    "data": [
      {
        "text": "How does this work",
        "userDefined": false
      }
    ],
    "isTemplate": false,
    "count": 0,
    "lang": "en",
    "updated": 0
  },
  {
    "id": "f2ccf104-1f93-4f5e-84bc-7bb5d1b3c11c",
    "data": [
      {
        "text": "What can you do",
        "userDefined": false
      }
    ],
    "isTemplate": false,
    "count": 0,
    "lang": "en",
    "updated": 0
  },
  {
    "id": "4a454395-2581-4e92-9ae4-c6506daabe42",
    "data": [
      {
        "text": "Help me understand",
        "userDefined": false
      }
    ],
    "isTemplate": false,
    "count": 0,
    "lang": "en",
    "updated": 0
  },
  {
    "id": "27f5c928-9306-4669-8f1a-78304dfaf43c",
    "data": [
      {
        "text": "What services do you provide",
        "userDefined": false
      }
    ],
    "isTemplate": false,
    "count": 0,
    "lang": "en",
    "updated": 0
  },
  {
    "id": "323de7d7-90e9-4466-ba69-542d0e3dcd86",
    "data": [
      {
        "text": "How to file a complaint",
        "userDefined": false
      }
    ],
    "isTemplate": false,
    "count": 0,
    "lang": "en",
    "updated": 0
  },
  {
    "id": "c8a0fd61-7a25-42c9-b722-7b9dbe539741",
    "data": [
      {
        "text": "What information do you need",
        "userDefined": false
      }
    ],
    "isTemplate": false,
    "count": 0,
    "lang": "en",
    "updated": 0
  },
  {
    "id": "989d43d9-4935-4d63-9c9a-36fd1f9c3692",
    "data": [
      {
        "text": "How long does it take",
        "userDefined": false
      }
    ],
    "isTemplate": false,
    "count": 0,
    "lang": "en",
    "updated": 0
  },
  {
    "id": "15d4b41d-4a8d-4f47-9f73-96270eff6e91",
    "data": [
      {
        "text": "Contact information",
        "userDefined": false
      }
    ],
    "isTemplate": false,
    "count": 0,
    "lang": "en",
    "updated": 0
  },
  {
    "id": "193a5cb3-9dd2-4e31-9a74-4bc0f59a0377",
    "data": [
      {
        "text": "Working hours",
        "userDefined": false
      }
    ],
    "isTemplate": false,
    "count": 0,
    "lang": "en",
    "updated": 0
  },
  {
    "id": "fcd0ed71-0f05-4c64-a6b2-155a07a66fb0",
    "data": [
      {
        "text": "Who can I contact",
        "userDefined": false
      }
    ],
    "isTemplate": false,
    "count": 0,
    "lang": "en",
    "updated": 0
  },
  {
    "id": "2c29ea7e-8f32-4ae8-9f0b-91508faa6b74",
    "data": [
      {
        "text": "general question",
        "userDefined": false
      }
    ],
    "isTemplate": false,
    "count": 1,
    "lang": "en",
    "updated": 0
  },
  {
    "id": "4b5e5aa2-4f4d-4d3e-b512-4ed9c6b89786",
    "data": [
      {
        "text": "general questions",
        "userDefined": false
      }
    ],
    "isTemplate": false,
    "count": 0,
    "lang": "en",
    "updated": 0
  },
  {
    "id": "a5539707-5aff-44f8-a7cb-7b24e4355030",
    "data": [
      {
        "text": "GENERAL QUESTIONS",
        "userDefined": false
      }
    ],
    "isTemplate": false,
    "count": 0,
    "lang": "en",
    "updated": 0
  }
]