[
  {
    "id": "0f6a2f4a-4b7d-4a6e-82a6-9bb3c95794f0",
    "data": [
      {
        "text": "I am in Mumbai",
        "userDefined": false
      }
    ],
    "isTemplate": false,
    "count": 0,
    "lang": "en",
    "updated": 0
  },
  {
    "id": "3f8dcaa1-2416-45db-9a76-712bdca4ab35",
    "data": [
      {
        "text": "My location is Delhi",
        "userDefined": false
      }
    ],
    "isTemplate": false,
    "count": 0,
    "lang": "en",
    "updated": 0
  },
  {
    "id": "7a2b9345-9c8f-415b-8f9b-13d2c62a82dc",
    "data": [
      {
        "text": "This is happening in MG Road",
        "userDefined": false
      }
    ],
    "isTemplate": false,
    "count": 0,
    "lang": "en",
    "updated": 0
  },
  {
    "id": "9eb9dbd5-5f51-41a1-94cb-dbcd032e8cbe",
    "data": [
      {
        "text": "The issue is at Sector 12",
        "userDefined": false
      }
    ],
    "isTemplate": false,
    "count": 0,
    "lang": "en",
    "updated": 0
  },
  {
    "id": "ecf8d3aa-a66a-4f8e-80f2-c5e256e25fe7",
    "data": [
      {
        "text": "Near Raj Nagar",
        "userDefined": false
      }
    ],
    "isTemplate": false,
    "count": 0,
    "lang": "en",
    "updated": 0
  },
  {
    "id": "1c61d9d6-4f8f-4b82-9b62-0db7320d4da3",
    "data": [
      {
        "text": "At PIN 110001",
        "userDefined": false
      }
    ],
    "isTemplate": false,
    "count": 0,
    "lang": "en",
    "updated": 0
  },
  {
    "id": "bb1e5dd4-232d-45b8-b0f8-0653dfcaa8c1",
    "data": [
      {
        "text": "ZIP 10001",
        "userDefined": false
      }
    ],
    "isTemplate": false,
    "count": 0,
    "lang": "en",
    "updated": 0
  },
  {
    "id": "4690e4a5-146d-4585-b2ba-24a344828510",
    "data": [
      {
        "text": "Connaught Place area",
        "userDefined": false
      }
    ],
    "isTemplate": false,
    "count": 0,
    "lang": "en",
    "updated": 0
  },
  {
    "id": "724f5af6-1c4e-4b5f-ad1f-8f870e4d86be",
    "data": [
      {
        "text": "In Bandra",
        "userDefined": false
      }
    ],
    "isTemplate": false,
    "count": 0,
    "lang": "en",
    "updated": 0
  },
  {
    "id": "70f4eab3-bbe4-4d07-b708-5b5d6b8e2a22",
    "data": [
      {
        "text": "Koramangala location",
        "userDefined": false
      }
    ],
    "isTemplate": false,
    "count": 0,
    "lang": "en",
    "updated": 0
  }
]