[
  {
    "id": "83f83fbb-94ac-4b10-8038-5fd371edd705",
    "data": [
      {
        "text": "Too much noise from construction",
        "userDefined": false
      }
    ],
    "isTemplate": false,
    "count": 0,
    "lang": "en",
    "updated": 0
  },
  {
    "id": "dd764101-3fa5-49fb-8b74-7cb53fab6932",
    "data": [
      {
        "text": "Loud music at night",
        "userDefined": false
      }
    ],
    "isTemplate": false,
    "count": 0,
    "lang": "en",
    "updated": 0
  },
  {
    "id": "6acd938e-0b76-4ab9-a807-e4753c91a299",
    "data": [
      {
        "text": "Traffic noise is disturbing",
        "userDefined": false
      }
    ],
    "isTemplate": false,
    "count": 0,
    "lang": "en",
    "updated": 0
  },
  {
    "id": "08fb8dca-76f9-4a3d-a8c6-4cc0f3e6be3f",
    "data": [
      {
        "text": "Industrial noise problem",
        "userDefined": false
      }
    ],
    "isTemplate": false,
    "count": 0,
    "lang": "en",
    "updated": 0
  },
  {
    "id": "7ebf68e9-d411-4f13-9801-e950ed6b4d08",
    "data": [
      {
        "text": "Generator making noise",
        "userDefined": false
      }
    ],
    "isTemplate": false,
    "count": 0,
    "lang": "en",
    "updated": 0
  },
  {
    "id": "d35f330d-e4f0-42e3-b622-3e43ccecf317",
    "data": [
      {
        "text": "Festival loudspeaker",
        "userDefined": false
      }
    ],
    "isTemplate": false,
    "count": 0,
    "lang": "en",
    "updated": 0
  },
  {
    "id": "64fb36b5-e8b5-4a2d-8728-14254f70d9b7",
    "data": [
      {
        "text": "Market noise issue",
        "userDefined": false
      }
    ],
    "isTemplate": false,
    "count": 0,
    "lang": "en",
    "updated": 0
  },
  {
    "id": "3cdc65d9-9afb-4fa0-a817-d5099579cf5d",
    "data": [
      {
        "text": "Neighbors making noise",
        "userDefined": false
      }
    ],
    "isTemplate": false,
    "count": 0,
    "lang": "en",
    "updated": 0
  },
  {
    "id": "f7b43afe-f0fa-412f-8941-f54888f425c0",
    "data": [
      {
        "text": "Sound pollution",
        "userDefined": false
      }
    ],
    "isTemplate": false,
    "count": 0,
    "lang": "en",
    "updated": 0
  },
  {
    "id": "b2c5f8d5-20e2-4f27-a315-6900dd41df81",
    "data": [
      {
        "text": "Drilling noise",
        "userDefined": false
      }
    ],
    "isTemplate": false,
    "count": 0,
    "lang": "en",
    "updated": 0
  },
  {
    "id": "295dafda-0bf6-410c-96f9-30e7a3cfd067",
    "data": [
      {
        "text": "Noise issue",
        "userDefined": false
      }
    ],
    "isTemplate": false,
    "count": 0,
    "lang": "en",
    "updated": 0
  },
  {
    "id": "b2d20bfb-1a8a-43df-afb6-105afe7dbdb7",
    "data": [
      {
        "text": "Report noise complaint",
        "userDefined": false
      }
    ],
    "isTemplate": false,
    "count": 0,
    "lang": "en",
    "updated": 0
  }
]