[
  {
    "id": "a5b9b6a9-62dc-4bc5-9c7b-8b0b44d0cd61",
    "data": [
      {
        "text": "construction",
        "meta": "@noise_source",
        "alias": "noise_source",
        "userDefined": false
      }
    ],
    "isTemplate": false,
    "count": 0,
    "lang": "en",
    "updated": 0
  },
  {
    "id": "4e17c1de-d927-4a8c-bcb8-32d950ba72e0",
    "data": [
      {
        "text": "it\u0027s construction noise",
        "meta": "@noise_source",
        "alias": "noise_source",
        "userDefined": false
      }
    ],
    "isTemplate": false,
    "count": 0,
    "lang": "en",
    "updated": 0
  },
  {
    "id": "e5ebc6c9-092d-4d9d-93a3-6e771f9d5a37",
    "data": [
      {
        "text": "traffic",
        "meta": "@noise_source",
        "alias": "noise_source",
        "userDefined": false
      }
    ],
    "isTemplate": false,
    "count": 0,
    "lang": "en",
    "updated": 0
  },
  {
    "id": "f77230b9-ccaa-4d4e-92e2-4bce6152e452",
    "data": [
      {
        "text": "the source is traffic noise",
        "meta": "@noise_source",
        "alias": "noise_source",
        "userDefined": false
      }
    ],
    "isTemplate": false,
    "count": 0,
    "lang": "en",
    "updated": 0
  },
  {
    "id": "802f17ff-0f85-495d-bc23-f708e79a8d4d",
    "data": [
      {
        "text": "generator",
        "meta": "@noise_source",
        "alias": "noise_source",
        "userDefined": false
      }
    ],
    "isTemplate": false,
    "count": 0,
    "lang": "en",
    "updated": 0
  },
  {
    "id": "20d59138-b7a4-4aef-94ad-63c789f06eb1",
    "data": [
      {
        "text": "it\u0027s from the neighbors",
        "meta": "@noise_source",
        "alias": "noise_source",
        "userDefined": false
      }
    ],
    "isTemplate": false,
    "count": 0,
    "lang": "en",
    "updated": 0
  },
  {
    "id": "685bbc62-1d2c-421e-9a59-df045f266932",
    "data": [
      {
        "text": "festival speakers",
        "meta": "@noise_source",
        "alias": "noise_source",
        "userDefined": false
      }
    ],
    "isTemplate": false,
    "count": 0,
    "lang": "en",
    "updated": 0
  },
  {
    "id": "05443f9e-4ced-4c47-b1e7-21c2c60b7874",
    "data": [
      {
        "text": "market vendors",
        "meta": "@noise_source",
        "alias": "noise_source",
        "userDefined": false
      }
    ],
    "isTemplate": false,
    "count": 0,
    "lang": "en",
    "updated": 0
  }
]