[
  {
    "id": "6ad0f9f1-59f2-4ac6-9a75-1494052a9e35",
    "data": [
      {
        "text": "Pothole issue",
        "userDefined": false
      }
    ],
    "isTemplate": false,
    "count": 0,
    "lang": "en",
    "updated": 0
  },
  {
    "id": "b553323f-2ba4-4fb0-9a44-68adf20f02b6",
    "data": [
      {
        "text": "potholes",
        "userDefined": false
      }
    ],
    "isTemplate": false,
    "count": 0,
    "lang": "en",
    "updated": 0
  },
  {
    "id": "afdde857-4f10-4b3b-a588-4ab7e1bcddaa",
    "data": [
      {
        "text": "Road has potholes",
        "userDefined": false
      }
    ],
    "isTemplate": false,
    "count": 0,
    "lang": "en",
    "updated": 0
  },
  {
    "id": "70d92f6f-19a4-4a78-8f59-a76bb338fb82",
    "data": [
      {
        "text": "road damage",
        "userDefined": false
      }
    ],
    "isTemplate": false,
    "count": 0,
    "lang": "en",
    "updated": 0
  },
  {
    "id": "795ed06c-7d2a-4c1a-98d6-cf7b8708e4f3",
    "data": [
      {
        "text": "road crack",
        "userDefined": false
      }
    ],
    "isTemplate": false,
    "count": 0,
    "lang": "en",
    "updated": 0
  },
  {
    "id": "1de35434-1840-4b75-956d-e7840cf4c9ac",
    "data": [
      {
        "text": "report pothole",
        "userDefined": false
      }
    ],
    "isTemplate": false,
    "count": 0,
    "lang": "en",
    "updated": 0
  }
]