[
  {
    "id": "e19386a9-6c4d-4d8d-9a27-706e954d58de",
    "data": [
      {
        "text": "No electricity in my area",
        "userDefined": false
      }
    ],
    "isTemplate": false,
    "count": 0,
    "lang": "en",
    "updated": 0
  },
  {
    "id": "ad2bc16f-9717-4fe3-87a4-43f683e17b64",
    "data": [
      {
        "text": "Power cut for 2 hours",
        "userDefined": false
      }
    ],
    "isTemplate": false,
    "count": 0,
    "lang": "en",
    "updated": 0
  },
  {
    "id": "7c3c7ed4-e268-4db5-a0a9-cd89e76a1fa1",
    "data": [
      {
        "text": "Transformer is not working",
        "userDefined": false
      }
    ],
    "isTemplate": false,
    "count": 0,
    "lang": "en",
    "updated": 0
  },
  {
    "id": "f3d004cc-83c8-4899-8a8f-5d7aae8c225e",
    "data": [
      {
        "text": "Electricity problem",
        "userDefined": false
      }
    ],
    "isTemplate": false,
    "count": 0,
    "lang": "en",
    "updated": 0
  },
  {
    "id": "ae7dfd2e-4923-48d9-b123-19f333d3bf97",
    "data": [
      {
        "text": "Power outage since morning",
        "userDefined": false
      }
    ],
    "isTemplate": false,
    "count": 0,
    "lang": "en",
    "updated": 0
  },
  {
    "id": "65a1e85e-58a6-4efd-92e3-3f9fca88cf39",
    "data": [
      {
        "text": "Grid failure in my locality",
        "userDefined": false
      }
    ],
    "isTemplate": false,
    "count": 0,
    "lang": "en",
    "updated": 0
  },
  {
    "id": "6ead1cb8-7132-4ccb-8fe0-c54e6fb02ae7",
    "data": [
      {
        "text": "Electrical line fault",
        "userDefined": false
      }
    ],
    "isTemplate": false,
    "count": 0,
    "lang": "en",
    "updated": 0
  },
  {
    "id": "7c1fc4a0-6e3b-4788-9f74-b5b0c71a2b4b",
    "data": [
      {
        "text": "System overload",
        "userDefined": false
      }
    ],
    "isTemplate": false,
    "count": 0,
    "lang": "en",
    "updated": 0
  },
  {
    "id": "4e0ba230-75f7-4b19-87bc-4e020ad54987",
    "data": [
      {
        "text": "Scheduled maintenance",
        "userDefined": false
      }
    ],
    "isTemplate": false,
    "count": 0,
    "lang": "en",
    "updated": 0
  },
  {
    "id": "b9c9e0da-6b37-4fe9-a9b8-1fd0cd5ed5d8",
    "data": [
      {
        "text": "Unplanned power cut",
        "userDefined": false
      }
    ],
    "isTemplate": false,
    "count": 0,
    "lang": "en",
    "updated": 0
  },
  {
    "id": "6b740f16-82fb-4fa0-9a64-30f82afc9a4b",
    "data": [
      {
        "text": "Power outage in ",
        "userDefined": false
      },
      {
        "text": "Sector 12",
        "meta": "@location_global",
        "alias": "location",
        "userDefined": false
      }
    ],
    "isTemplate": false,
    "count": 0,
    "lang": "en",
    "updated": 0
  },
  {
    "id": "1ef4c476-85cf-4aa0-9b48-877e96b0cf4d",
    "data": [
      {
        "text": "Transformer failure near ",
        "userDefined": false
      },
      {
        "text": "MG Road",
        "meta": "@location_global",
        "alias": "location",
        "userDefined": false
      }
    ],
    "isTemplate": false,
    "count": 0,
    "lang": "en",
    "updated": 0
  },
  {
    "id": "81d5d476-7b47-4b17-83e9-9b0c1192d659",
    "data": [
      {
        "text": "Power issue",
        "userDefined": false
      }
    ],
    "isTemplate": false,
    "count": 0,
    "lang": "en",
    "updated": 0
  },
  {
    "id": "eb325e0e-f4d9-4e20-9d13-69aa37413c94",
    "data": [
      {
        "text": "Report power outage",
        "userDefined": false
      }
    ],
    "isTemplate": false,
    "count": 0,
    "lang": "en",
    "updated": 0
  }
]