[
  {
    "id": "03494c24-4107-44ba-9a16-86f817e12773",
    "data": [
      {
        "text": "Scheduled outage",
        "meta": "@power_outage_type",
        "alias": "power_outage_type",
        "userDefined": false
      }
    ],
    "isTemplate": false,
    "count": 0,
    "lang": "en",
    "updated": 0
  },
  {
    "id": "bd561ae6-709c-4cba-a114-20427fad651c",
    "data": [
      {
        "text": "Unscheduled power cut",
        "meta": "@power_outage_type",
        "alias": "power_outage_type",
        "userDefined": false
      }
    ],
    "isTemplate": false,
    "count": 0,
    "lang": "en",
    "updated": 0
  },
  {
    "id": "379e744d-8fb9-4e45-99a8-5adabc2e9242",
    "data": [
      {
        "text": "Transformer failure",
        "meta": "@power_outage_type",
        "alias": "power_outage_type",
        "userDefined": false
      }
    ],
    "isTemplate": false,
    "count": 0,
    "lang": "en",
    "updated": 0
  },
  {
    "id": "aae357ff-6921-44fc-8b8b-510245acf912",
    "data": [
      {
        "text": "Grid failure",
        "meta": "@power_outage_type",
        "alias": "power_outage_type",
        "userDefined": false
      }
    ],
    "isTemplate": false,
    "count": 0,
    "lang": "en",
    "updated": 0
  },
  {
    "id": "0ae2e4b4-2120-490f-8abe-48109a6f12b4",
    "data": [
      {
        "text": "Line fault",
        "meta": "@power_outage_type",
        "alias": "power_outage_type",
        "userDefined": false
      }
    ],
    "isTemplate": false,
    "count": 0,
    "lang": "en",
    "updated": 0
  },
  {
    "id": "8b22d5f4-1b2c-4d6f-a5d2-3d2cc59d54b0",
    "data": [
      {
        "text": "Overload",
        "meta": "@power_outage_type",
        "alias": "power_outage_type",
        "userDefined": false
      }
    ],
    "isTemplate": false,
    "count": 0,
    "lang": "en",
    "updated": 0
  },
  {
    "id": "f1f615f1-5dae-4c76-8ac7-52deebdaa21f",
    "data": [
      {
        "text": "It is an ",
        "userDefined": false
      },
      {
        "text": "overload",
        "meta": "@power_outage_type",
        "alias": "power_outage_type",
        "userDefined": false
      }
    ],
    "isTemplate": false,
    "count": 0,
    "lang": "en",
    "updated": 0
  },
  {
    "id": "e1f5984f-4ed3-420a-8eb9-3e85ed6faa71",
    "data": [
      {
        "text": "over load",
        "meta": "@power_outage_type",
        "alias": "power_outage_type",
        "userDefined": false
      }
    ],
    "isTemplate": false,
    "count": 0,
    "lang": "en",
    "updated": 0
  }
]