[
  {
    "id": "6d0e77d4-8d29-4e04-9e87-52c6e7fa1aa6",
    "data": [
      {
        "text": "non-functioning",
        "meta": "@streetlight_type",
        "alias": "streetlight_type",
        "userDefined": false
      }
    ],
    "isTemplate": false,
    "count": 0,
    "lang": "en",
    "updated": 0
  },
  {
    "id": "aa38f924-5ffd-4170-931f-0621a164ba3e",
    "data": [
      {
        "text": "it\u0027s non functioning right now",
        "meta": "@streetlight_type",
        "alias": "streetlight_type",
        "userDefined": false
      }
    ],
    "isTemplate": false,
    "count": 0,
    "lang": "en",
    "updated": 0
  },
  {
    "id": "4f7353c6-ce7d-485f-b66e-635a307486ab",
    "data": [
      {
        "text": "the light is flickering",
        "meta": "@streetlight_type",
        "alias": "streetlight_type",
        "userDefined": false
      }
    ],
    "isTemplate": false,
    "count": 0,
    "lang": "en",
    "updated": 0
  },
  {
    "id": "8beac163-3e51-4a87-a2a9-3ec2a01fd49c",
    "data": [
      {
        "text": "flickeering",
        "meta": "@streetlight_type",
        "alias": "streetlight_type",
        "userDefined": false
      }
    ],
    "isTemplate": false,
    "count": 0,
    "lang": "en",
    "updated": 0
  },
  {
    "id": "0d18a7c5-5ccf-4090-b2f1-2ca8730c2537",
    "data": [
      {
        "text": "it\u0027s very dim",
        "meta": "@streetlight_type",
        "alias": "streetlight_type",
        "userDefined": false
      }
    ],
    "isTemplate": false,
    "count": 0,
    "lang": "en",
    "updated": 0
  },
  {
    "id": "f9f3038b-796d-4b48-a27a-b4aaa595211e",
    "data": [
      {
        "text": "led streetlight issue",
        "meta": "@streetlight_type",
        "alias": "streetlight_type",
        "userDefined": false
      }
    ],
    "isTemplate": false,
    "count": 0,
    "lang": "en",
    "updated": 0
  },
  {
    "id": "afb90103-00fe-46f1-9cf6-7caf7e28538d",
    "data": [
      {
        "text": "solar streetlight problem",
        "meta": "@streetlight_type",
        "alias": "streetlight_type",
        "userDefined": false
      }
    ],
    "isTemplate": false,
    "count": 0,
    "lang": "en",
    "updated": 0
  },
  {
    "id": "afb5adf6-40d7-42e5-874d-4f6d7460db97",
    "data": [
      {
        "text": "traditional light issue",
        "meta": "@streetlight_type",
        "alias": "streetlight_type",
        "userDefined": false
      }
    ],
    "isTemplate": false,
    "count": 0,
    "lang": "en",
    "updated": 0
  },
  {
    "id": "2b5f9e4f-ef61-45b5-80c8-781cba27c6b9",
    "data": [
      {
        "text": "physically damaged",
        "meta": "@streetlight_type",
        "alias": "streetlight_type",
        "userDefined": false
      }
    ],
    "isTemplate": false,
    "count": 0,
    "lang": "en",
    "updated": 0
  },
  {
    "id": "a304aa5a-1378-4126-8f17-c7c2eeba3356",
    "data": [
      {
        "text": "the pole is damaged",
        "meta": "@streetlight_type",
        "alias": "streetlight_type",
        "userDefined": false
      }
    ],
    "isTemplate": false,
    "count": 0,
    "lang": "en",
    "updated": 0
  }
]