[
  {
    "id": "6d9c7bb4-6ce0-4991-8c0b-6b3ff36a7f1c",
    "data": [
      {
        "text": "No water supply",
        "userDefined": false
      }
    ],
    "isTemplate": false,
    "count": 0,
    "lang": "en",
    "updated": 0
  },
  {
    "id": "32d2295c-36f9-4897-8fd6-02cfa6aae606",
    "data": [
      {
        "text": "Water leakage in my area",
        "userDefined": false
      }
    ],
    "isTemplate": false,
    "count": 0,
    "lang": "en",
    "updated": 0
  },
  {
    "id": "b706515f-415e-4e92-b402-e2f94bc3b945",
    "data": [
      {
        "text": "Low water pressure",
        "userDefined": false
      }
    ],
    "isTemplate": false,
    "count": 0,
    "lang": "en",
    "updated": 0
  },
  {
    "id": "22d2b75b-4e6f-4c00-b5b9-7d84ea469615",
    "data": [
      {
        "text": "Dirty water coming",
        "userDefined": false
      }
    ],
    "isTemplate": false,
    "count": 0,
    "lang": "en",
    "updated": 0
  },
  {
    "id": "3c40dc97-1d72-4192-b5aa-d3c1bd1fda96",
    "data": [
      {
        "text": "Pipe burst on the road",
        "userDefined": false
      }
    ],
    "isTemplate": false,
    "count": 0,
    "lang": "en",
    "updated": 0
  },
  {
    "id": "21cfac28-9157-45cf-b2b1-b2587fecf509",
    "data": [
      {
        "text": "Water quality is bad",
        "userDefined": false
      }
    ],
    "isTemplate": false,
    "count": 0,
    "lang": "en",
    "updated": 0
  },
  {
    "id": "efc93e1b-d3bf-4ea0-b03d-2be7a83bf018",
    "data": [
      {
        "text": "Water tastes bad",
        "userDefined": false
      }
    ],
    "isTemplate": false,
    "count": 0,
    "lang": "en",
    "updated": 0
  },
  {
    "id": "d03deaa1-8d29-4dc9-8606-f982f303431d",
    "data": [
      {
        "text": "Contaminated water",
        "userDefined": false
      }
    ],
    "isTemplate": false,
    "count": 0,
    "lang": "en",
    "updated": 0
  },
  {
    "id": "b8230f55-5141-41b4-b7d6-6f9e6a9157d4",
    "data": [
      {
        "text": "Water shortage",
        "userDefined": false
      }
    ],
    "isTemplate": false,
    "count": 0,
    "lang": "en",
    "updated": 0
  },
  {
    "id": "0873f2b5-89b8-4d35-8412-1efd9e5ff011",
    "data": [
      {
        "text": "Water main break",
        "userDefined": false
      }
    ],
    "isTemplate": false,
    "count": 0,
    "lang": "en",
    "updated": 0
  },
  {
    "id": "1c7cf045-8c6a-4bba-9fef-92ed1a1cdbdd",
    "data": [
      {
        "text": "Water issue",
        "userDefined": false
      }
    ],
    "isTemplate": false,
    "count": 0,
    "lang": "en",
    "updated": 0
  },
  {
    "id": "5f26b2ee-4e33-4270-865f-ebb0429599d5",
    "data": [
      {
        "text": "Report water complaint",
        "userDefined": false
      }
    ],
    "isTemplate": false,
    "count": 0,
    "lang": "en",
    "updated": 0
  },
  {
    "id": "c6f142b0-0798-4a28-a405-808bc03f4d4c",
    "data": [
      {
        "text": "Water leakage in ",
        "userDefined": false
      },
      {
        "text": "Sector 5",
        "meta": "@location_global",
        "alias": "location",
        "userDefined": false
      }
    ],
    "isTemplate": false,
    "count": 0,
    "lang": "en",
    "updated": 0
  },
  {
    "id": "64bb51fd-3c9a-4d7f-b6aa-aecaedfa3b92",
    "data": [
      {
        "text": "No water in ",
        "userDefined": false
      },
      {
        "text": "Andheri",
        "meta": "@location_global",
        "alias": "location",
        "userDefined": false
      }
    ],
    "isTemplate": false,
    "count": 0,
    "lang": "en",
    "updated": 0
  },
  {
    "id": "0e03c686-3ec1-4ea9-b2c9-9a52cf78a1a6",
    "data": [
      {
        "text": "Low water pressure near ",
        "userDefined": false
      },
      {
        "text": "MG Road",
        "meta": "@location_global",
        "alias": "location",
        "userDefined": false
      }
    ],
    "isTemplate": false,
    "count": 0,
    "lang": "en",
    "updated": 0
  }
]