[
  {
    "id": "9bfa7b45-0a5e-4c1a-98c9-9a0bf91f23c8",
    "data": [
      {
        "text": "Start",
        "userDefined": false
      }
    ],
    "isTemplate": false,
    "count": 1,
    "lang": "en",
    "updated": 0
  },
  {
    "id": "bba19d12-9ca3-45f0-8587-bc0f6ccbf867",
    "data": [
      {
        "text": "/start",
        "userDefined": false
      }
    ],
    "isTemplate": false,
    "count": 0,
    "lang": "en",
    "updated": 0
  },
  {
    "id": "2c207ef8-1e91-4ef1-ba76-7e1a137511d5",
    "data": [
      {
        "text": "Hi",
        "userDefined": false
      }
    ],
    "isTemplate": false,
    "count": 0,
    "lang": "en",
    "updated": 0
  },
  {
    "id": "7c781735-1e6a-4b9b-b816-b9cba5dd8a6c",
    "data": [
      {
        "text": "Hello",
        "userDefined": false
      }
    ],
    "isTemplate": false,
    "count": 0,
    "lang": "en",
    "updated": 0
  },
  {
    "id": "7da11222-95b5-4960-8b91-35f953051ac2",
    "data": [
      {
        "text": "Good morning",
        "userDefined": false
      }
    ],
    "isTemplate": false,
    "count": 1,
    "lang": "en",
    "updated": 0
  },
  {
    "id": "31a7fd7c-4d58-4f27-8b28-4f6c8b58c6d1",
    "data": [
      {
        "text": "Good afternoon",
        "userDefined": false
      }
    ],
    "isTemplate": false,
    "count": 0,
    "lang": "en",
    "updated": 0
  },
  {
    "id": "5e251bc5-a7fe-4b79-b718-90a620d55653",
    "data": [
      {
        "text": "Good evening",
        "userDefined": false
      }
    ],
    "isTemplate": false,
    "count": 0,
    "lang": "en",
    "updated": 0
  },
  {
    "id": "71a551db-1e4a-49f6-a589-e5bce68d13cc",
    "data": [
      {
        "text": "Hey",
        "userDefined": false
      }
    ],
    "isTemplate": false,
    "count": 0,
    "lang": "en",
    "updated": 0
  },
  {
    "id": "b22de6d8-5bd0-4b81-9fa7-d7902511b6c4",
    "data": [
      {
        "text": "Get started",
        "userDefined": false
      }
    ],
    "isTemplate": false,
    "count": 1,
    "lang": "en",
    "updated": 0
  }
]